{
    "application": {
        "id": "eco.sec.managerRequestReport",
        "title": "Manager Request Report",
        "type": "SAP_UI5_Component",
        "componentUrl": "/",
        "appUrl": "#ManagerRequestReport-Display",
        "navigationComponentName": "eco.sec.managerRequestReport",
        "intentSemanticObject": "ManagerRequestReport",
        "intentAction": "Display",
        "html5ApplicationName": "ecosecmanagerrequestReport",
        "HCPParentApplicationName": ""
    },
    "assignment": {
        "groups": [
            "00000000-0000-1111-0000-00000000"
        ],
        "contentPackages": [
            "5dbfc7af-c9f4-4719-9f2e-a27cb69f4a98"
        ],
        "categories": []
    },
    "tile": {
        "type": "StaticTile",
        "title": "Manager Request",
        "subtitle": "Report",
        "searchKeywords": "Manager Request,Report",
        "displayIconUrl": "sap-icon://approvals",
        "displayInfoText": "",
        "size": "1x1",
        "serviceURL": "",
        "refreshInterval": ""
    }
}